City,Latitude,Longitude,Temperature,Humidity,Cloudiness,Windspeed,Country,Date
Kanlagay,5.8757,121.2915,26.68,77,100,2.75,PH,1632112873
Mataura,-46.1927,168.8643,12.97,65,70,3.18,NZ,1632112541
Nikolskoye,59.7035,30.7861,4.94,77,100,4.23,RU,1632112673
Sørland,67.667,12.6934,10.04,73,100,7.25,NO,1632112875
Mahébourg,-20.4081,57.7,22.16,68,40,4.63,MU,1632112566
Cape Town,-33.9258,18.4232,14.61,82,40,2.68,ZA,1632112558
Pisco,-13.7,-76.2167,16.03,82,90,3.6,PE,1632112598
Jamestown,42.097,-79.2353,12.81,93,1,0.89,US,1632112636
Manokwari,-0.8667,134.0833,27.73,77,98,3.2,ID,1632112862
Praia da Vitória,38.7333,-27.0667,20.14,88,40,4.78,PT,1632112881
Khatanga,71.9667,102.5,0.25,100,100,5.48,RU,1632112548
Pulsano,40.3821,17.3564,23.56,72,11,1.56,IT,1632112883
Qasigiannguit,68.8193,-51.1922,-4.86,71,100,2.1,GL,1632112884
Taltal,-25.4,-70.4833,14.81,76,0,1.64,CL,1632112886
Bredasdorp,-34.5322,20.0403,12.62,71,0,3.6,ZA,1632112623
Port Elizabeth,-33.918,25.5701,14.16,77,0,5.14,ZA,1632112616
Rikitea,-23.1203,-134.9692,23.24,77,9,6.35,PF,1632112533
Kruisfontein,-34.0033,24.7314,11.9,90,19,2.99,ZA,1632112889
Provideniya,64.3833,-173.3,3.06,48,40,5,RU,1632112758
Thompson,55.7435,-97.8558,11.09,87,90,3.6,CA,1632112718
Uyemskiy,64.4743,40.8524,2.03,93,40,2,RU,1632112892
New Norfolk,-42.7826,147.0587,7.88,70,59,2.68,AU,1632112642
Punta Arenas,-53.15,-70.9167,5.06,70,0,4.12,CL,1632112658
Dolores,-36.3132,-57.6792,14.46,96,100,2.76,AR,1632112895
Porto Walter,-8.2686,-72.7439,24.16,67,6,1,BR,1632112897
Hermanus,-34.4187,19.2345,14.33,85,30,7.63,ZA,1632112663
Airai,-8.9266,125.4092,25.75,31,10,3.4,TL,1632112900
Muros,42.7762,-9.0603,12.75,92,11,5.54,ES,1632112901
Itarema,-2.9248,-39.9167,25.41,80,48,6.8,BR,1632112822
Mount Isa,-20.7333,139.5,34.87,15,17,3.6,AU,1632112903
Bulgan,48.8125,103.5347,16.86,59,6,1.86,MN,1632112904
Vestmannaeyjar,63.4427,-20.2734,10.49,89,91,10.41,IS,1632112904
Chokurdakh,70.6333,147.9167,1.29,54,89,4.66,RU,1632112639
Henties Bay,-22.116,14.2845,10.48,91,0,3.13,NA,1632112906
Koutiala,12.3917,-5.4642,23.99,84,8,3.43,ML,1632112908
Lakatoro,-16.0999,167.4164,25.73,72,46,6.28,VU,1632112910
Hobart,-42.8794,147.3294,10.55,61,75,3.13,AU,1632112325
Puerto Ayora,-0.7393,-90.3518,20.86,90,61,3.13,EC,1632112653
Busselton,-33.65,115.3333,16.69,47,0,4.06,AU,1632112569
Kavieng,-2.5744,150.7967,28.78,70,93,2.68,PG,1632112687
Bilma,18.6853,12.9164,27.28,17,0,0.61,NE,1632112913
Ponta do Sol,32.6667,-17.1,21.08,74,57,2.83,PT,1632112915
Atuona,-9.8,-139.0333,25.63,76,11,9.6,PF,1632112780
Olafsvik,64.8945,-23.7142,10.43,91,100,3.69,IS,1632112752
Arraial do Cabo,-22.9661,-42.0278,21.7,90,100,6.04,BR,1632112708
Macao,22.2006,113.5461,30.58,79,40,2.06,MO,1632112918
Taoudenni,22.6783,-3.9836,33.34,19,2,9.86,ML,1632112918
Albany,42.6001,-73.9662,10.86,91,0,0.97,US,1632112262
Azle,32.8951,-97.5459,27.08,63,1,2.24,US,1632112920
Liuhe,42.2401,125.7172,13.85,95,100,2.24,CN,1632112922
Evensk,61.95,159.2333,10.42,77,100,5.68,RU,1632112922
Brae,60.3964,-1.353,10.95,94,5,4.61,GB,1632112702
Ilulissat,69.2167,-51.1,-4.99,58,100,5.66,GL,1632112685
Altamont,42.2068,-121.7372,7.81,74,1,2.06,US,1632112925
Bengkulu,-3.8004,102.2655,28.05,68,34,2.57,ID,1632112840
Cherskiy,68.75,161.3,2.67,46,71,3.69,RU,1632112556
Yellowknife,62.456,-114.3525,6.29,81,75,2.06,CA,1632112531
Metro,-5.1131,105.3067,32.73,48,42,2.59,ID,1632112928
Gornyy,55.1153,83.9059,4.89,68,81,8.68,RU,1632112838
Port Alfred,-33.5906,26.891,15.17,84,59,5.66,ZA,1632112607
Andenes,69.3143,16.1194,6.99,81,0,2.57,NO,1632112929
Bull Savanna,17.8868,-77.5902,24.26,85,31,1.82,JM,1632112931
Saint-Philippe,-21.3585,55.7679,20.18,82,54,6.07,RE,1632112550
College,64.8569,-147.8028,6.63,69,75,1.54,US,1632112933
Ushuaia,-54.8,-68.3,3.81,81,40,13.89,AR,1632112634
Nísia Floresta,-6.0911,-35.2086,25.21,79,56,3.18,BR,1632112935
Green Valley,31.8543,-110.9937,25.62,46,0,0.45,US,1632112937
Drayton Valley,53.2168,-114.9854,5.33,90,99,1.42,CA,1632112938
Quatre Cocos,-20.2078,57.7625,22.83,56,56,5.58,MU,1632112796
Qaanaaq,77.484,-69.3632,-11.74,78,17,3.75,GL,1632112694
Meulaboh,4.1363,96.1285,28.86,64,100,1.85,ID,1632112810
Trat,12.5,102.5,31.11,73,99,1.36,TH,1632112940
Mouila,-1.8685,11.0559,23.12,92,94,1.48,GA,1632112941
Tākestān,36.0696,49.6959,22.07,26,0,0.26,IR,1632112944
Paita,-5.0892,-81.1144,17.29,82,13,5.83,PE,1632112945
Karratha,-20.7377,116.8463,34.44,13,31,7.68,AU,1632112662
Bereda,43.2686,-7.5406,10.64,100,73,1.23,ES,1632112948
Hilo,19.7297,-155.09,23.75,84,90,3.09,US,1632112544
Felanitx,39.4696,3.1483,17.41,79,1,0.52,ES,1632112950
Hithadhoo,-0.6,73.0833,28.59,73,68,3.7,MV,1632112554
Senj,44.9894,14.9058,15.55,90,75,2.89,HR,1632112953
Butaritari,3.0707,172.7902,28.49,68,9,5.16,KI,1632112923
Tasiilaq,65.6145,-37.6368,2.09,65,50,1.86,GL,1632112955
Kapaa,22.0752,-159.319,25.26,72,40,1.34,US,1632112613
Tiksi,71.6872,128.8694,1.65,67,82,8.01,RU,1632112605
Bethel,41.3712,-73.414,13.44,89,1,1.54,US,1632112959
Kamina,-8.7386,24.9906,18.34,80,100,1.52,CD,1632112960
Radenci,46.642,16.0378,9.43,92,100,1.89,SI,1632112962
Kwidzyn,53.7249,18.9311,9.04,87,100,2.03,PL,1632112964
Fort Nelson,58.8053,-122.7002,8.77,76,75,2.06,CA,1632112965
Bumba,2.1833,22.4667,21.35,92,80,0.73,CD,1632112967
Meadow Lake,34.8014,-106.5436,24.15,31,83,7.15,US,1632112969
Shumskiy,54.8318,99.1328,15.51,71,94,4.74,RU,1632112970
Yulara,-25.2406,130.9889,24.91,20,40,9.26,AU,1632112972
Ayr,55.4627,-4.6339,7.39,100,0,2.57,GB,1632112973
Varkala,8.7341,76.7067,30.88,71,62,3.62,IN,1632112974
Miandrivazo,-19.5167,45.4667,25.27,48,76,1.45,MG,1632112976
Mar del Plata,-38.0023,-57.5575,13.01,100,90,4.63,AR,1632112767
Tautira,-17.7333,-149.15,26.01,78,50,7.47,PF,1632112978
Chicama,-7.8447,-79.1469,15.3,84,50,3.11,PE,1632112980
Pevek,69.7008,170.3133,-0.71,69,74,0.75,RU,1632112982
Samarai,-10.6167,150.6667,26.48,85,100,6.88,PG,1632112984
Saint George,37.1041,-113.5841,25.62,21,1,0.89,US,1632112738
Bois-Colombes,48.9167,2.2667,14.15,96,90,0.45,FR,1632112986
Imbituba,-28.24,-48.6703,20.94,98,100,6.15,BR,1632112987
San Cristobal,7.7669,-72.225,18.83,96,85,0.72,VE,1632112989
Norman Wells,65.282,-126.8329,6.02,81,75,1.54,CA,1632112667
Itaueira,-7.6033,-43.0256,24.81,33,68,1.64,BR,1632112991
San Patricio,28.017,-97.5169,27.27,71,0,5.04,US,1632112993
Saskylakh,71.9167,114.0833,0.83,78,100,3.68,RU,1632112772
Wasilla,61.5814,-149.4394,7.81,78,1,0,US,1632112994
Ancud,-41.8697,-73.8203,4.74,88,35,1.76,CL,1632112690
Srednekolymsk,67.45,153.6833,3.89,34,100,8.85,RU,1632112997
Soresina,45.2865,9.857,13.05,86,21,2.29,IT,1632112999
Esmeraldas,-19.7625,-44.3139,26.48,43,52,3.6,BR,1632113000
Casablanca,33.5928,-7.6192,17.08,75,0,1.91,MA,1632113002
Scottsbluff,41.8666,-103.6672,16.61,55,40,6.26,US,1632113004
Soe,-9.8607,124.284,28.99,33,12,5.63,ID,1632112868
Bluff,-46.6,168.3333,12.14,70,85,6.95,NZ,1632112604
Avarua,-21.2078,-159.775,25.03,83,40,5.14,CK,1632112538
Tabas,33.5959,56.9244,31.58,11,0,0.74,IR,1632113008
Zonguldak,41.25,31.8333,14.47,84,5,1.89,TR,1632112759
Rāmshīr,30.8946,49.4092,24.92,15,0,4.81,IR,1632113010
Hobyo,5.3505,48.5268,25.71,79,52,10.05,SO,1632112532
Mbala,-8.8402,31.3659,17.53,68,3,4.13,ZM,1632113012
Williams Lake,52.1415,-122.1445,4.57,89,75,2.57,CA,1632113014
Talnakh,69.4865,88.3972,1.85,69,100,6.07,RU,1632112612
Strezhevoy,60.7333,77.5889,5.99,97,100,4.98,RU,1632113015
Shirokiy,49.758,129.523,17.33,48,8,3.55,RU,1632112908
Serebryansk,49.6925,83.2892,8.75,45,72,4.06,KZ,1632113020
Tuktoyaktuk,69.4541,-133.0374,3,87,20,2.57,CA,1632112665
Nome,64.5011,-165.4064,4.04,57,75,8.23,US,1632113021
Zhigansk,66.7697,123.3711,4.33,55,17,3.77,RU,1632112915
Khovd,48.0056,91.6419,19.84,24,29,8.66,MN,1632112848
Vaini,-21.2,-175.2,24.09,78,20,5.14,TO,1632112601
Stony Plain,53.5334,-114.0021,6.17,81,1,2.57,CA,1632113024
Upernavik,72.7868,-56.1549,-3.71,79,98,4.96,GL,1632112649
Leningradskiy,69.3833,178.4167,-2.76,85,98,6.63,RU,1632112777
Nishihara,26.1842,127.7558,28.6,70,20,4.12,JP,1632113026
Dabat,12.9842,37.765,15.03,72,15,1.7,ET,1632113026
Ugoofaaru,5.6667,73,28.15,77,45,3.89,MV,1632113028
Konëvo,62.1215,39.3192,3.48,72,58,2.05,RU,1632113029
Lufkin,31.3382,-94.7291,24.9,83,1,3.6,US,1632113031
Malumfashi,11.7853,7.6218,21.54,86,36,3.14,NG,1632113032
Ketchikan,55.3422,-131.6461,12.26,94,90,2.06,US,1632113034
Port Augusta,-32.5,137.7667,17.06,37,21,11.58,AU,1632113035
Bone,51.9669,12.1396,11.05,64,100,2.3,DE,1632113036
Deputatsky,69.3,139.9,-3.56,77,100,4.87,RU,1632112908
Bojnourd,37.4747,57.329,18.97,42,0,2.06,IR,1632113039
Moba,33.2288,105.0179,20.24,46,0,1.99,CN,1632113041
Chui,-33.6971,-53.4616,17.12,99,100,1.65,UY,1632112870
Dukat,62.55,155.55,4.26,96,100,1.61,RU,1632113042
Xiangfan,32.0422,112.1448,28.41,51,2,2.18,CN,1632113044
Tual,-5.6667,132.75,26.84,81,57,7.7,ID,1632113045
Bailieborough,53.9167,-6.9667,6.91,98,10,1.58,IE,1632113046
Porto-Novo,6.4965,2.6036,25.9,93,94,2.23,BJ,1632112957
Mobara,35.4167,140.3,26.27,48,17,6.06,JP,1632112944
Naze,28.3667,129.4833,26.51,66,8,1.31,JP,1632112901
Mago,53.2514,140.1822,14.95,36,54,5.4,RU,1632113049
Ishigaki,24.3448,124.1572,32.07,66,75,4.63,JP,1632112917
San Martín,-33.081,-68.4681,16.3,33,82,7.28,AR,1632113052
Marsá Maţrūḩ,31.3525,27.2453,23.11,94,75,2.57,EG,1632113054
Vao,-22.6667,167.4833,20.1,65,53,7.09,NC,1632112930
Mossamedes,-15.1961,12.1522,15.59,85,47,2.7,AO,1632113056
Ulm,48.3984,9.9916,11.4,94,100,1.25,DE,1632113057
Fairbanks,64.8378,-147.7164,6.62,70,75,1.54,US,1632112609
Dzerzhinskoye,56.8344,95.2283,13.61,60,100,4.98,RU,1632112849
Jackson,42.4165,-122.8345,12.26,79,78,0.76,US,1632113060
Marsh Harbour,26.5412,-77.0636,28.14,75,90,3.92,BS,1632113061
Mount Gambier,-37.8333,140.7667,9.95,62,75,10.8,AU,1632113062
East London,-33.0153,27.9116,14.52,77,75,5.14,ZA,1632112647
Yenagoa,4.9247,6.2642,23.56,95,60,1.56,NG,1632112928
Zaozyornoye,45.1582,33.2787,18.3,71,17,3.02,UA,1632113064
Kiryat Gat,31.61,34.7642,23.27,61,0,0.11,IL,1632113066
Lagoa,39.05,-27.9833,20.51,65,79,5.08,PT,1632113067
Garoowe,8.4054,48.4845,26.14,59,97,9.64,SO,1632113070
Northam,51.0333,-4.2167,11.91,94,2,2.39,GB,1632113039
Nizhnevartovsk,60.9344,76.5531,6.01,87,90,4,RU,1632112841
Dwārka,22.2394,68.9678,28.87,77,9,4.89,IN,1632112823
Tuburan,6.6439,122.2736,28.05,76,100,1.35,PH,1632112862
Atar,20.5169,-13.0499,28.76,41,17,4.38,MR,1632113074
Ruska Poliana,49.417,31.9201,8.03,83,100,5.1,UA,1632113075
Krasnyye Chetai,55.6887,46.1386,4.39,65,100,5.04,RU,1632113077
Lahat,-3.8,103.5333,31.97,55,58,1.37,ID,1632113079
Orlik,52.5178,99.825,18.9,28,20,2.78,RU,1632113080
Boca do Acre,-8.7522,-67.3978,24.22,77,19,1.1,BR,1632113081
Kupang,-10.1667,123.5833,34.32,33,20,7.72,ID,1632112848
Ballina,-28.8667,153.5667,27.62,51,23,8.75,AU,1632113083
Richards Bay,-28.783,32.0377,18.65,72,97,6.95,ZA,1632112797
Lata,40.1629,-8.3327,15.04,94,22,1.21,PT,1632113085
Saurimo,-9.6608,20.3916,18.33,80,79,1.1,AO,1632113087
Sierra Vista,31.5545,-110.3037,22.23,57,1,3.6,US,1632113089
Husavik,66.0449,-17.3389,6.95,84,100,4.83,IS,1632112825
Maniitsoq,65.4167,-52.9,0.98,56,19,4.66,GL,1632112692
Lorengau,-2.0226,147.2712,28.68,71,44,2.98,PG,1632112684
Vila Velha,-20.3297,-40.2925,22.97,88,90,2.57,BR,1632113092
Griffith,41.5284,-87.4237,22.96,74,1,0,US,1632113093
Barrow,71.2906,-156.7887,-0.99,93,90,8.75,US,1632112731
Dikson,73.5069,80.5464,1.6,75,100,6.87,RU,1632112646
Grindavik,63.8424,-22.4338,10.26,100,90,6.17,IS,1632113096
Aklavik,68.2191,-135.0107,4.46,61,23,2.67,CA,1632113097
Kumul,42.8,93.45,30.83,11,2,2.06,CN,1632113099
Miles City,46.4083,-105.8406,11.54,93,90,2.57,US,1632113100
Bilibino,68.0546,166.4372,-3.14,65,98,2.13,RU,1632112922
Fatehpur,25.9333,80.8,31.3,62,1,2,IN,1632112822
Devgarh,25.5333,73.9,26.29,76,80,5.6,IN,1632112823
Saint Anthony,45.0205,-93.218,24.98,64,1,1.34,US,1632113103
Najrān,17.4924,44.1277,25.36,15,5,0.52,SA,1632113104
Burē,10.7,37.0667,15.57,87,1,0.78,ET,1632113106
Half Moon Bay,37.4636,-122.4286,15.56,81,1,0,US,1632113108
Barbacoas,1.6715,-78.1398,23.42,97,92,0.6,CO,1632113109
Bambous Virieux,-20.3428,57.7575,22.14,68,40,4.63,MU,1632113111
Ouahigouya,13.5828,-2.4216,25.91,70,79,4.48,BF,1632112974
Dingzhou,38.5131,114.9956,25.06,62,81,3.21,CN,1632113113
Caravelas,-17.7125,-39.2481,21.25,85,41,1.92,BR,1632113114
El Real de Santa Maria,8.109,-77.7325,23.98,98,100,0.08,PA,1632113116
Baykit,61.67,96.37,10.14,77,94,1.19,RU,1632113117
Haines Junction,60.7522,-137.5108,7.97,61,97,3.09,CA,1632113119
Torbay,47.6666,-52.7314,12.47,97,90,9.77,CA,1632112725
Vila,42.0304,-8.1588,9.66,84,46,2.78,PT,1632113121
Saint Paul Harbor,57.79,-152.4072,7.93,86,79,3.89,US,1632112739
Itoman,26.1247,127.6694,29.01,70,20,4.12,JP,1632113123
Obigarm,38.7173,69.7088,24.12,16,0,1.93,TJ,1632113125
Pangnirtung,66.1451,-65.7125,-0.82,80,16,4.06,CA,1632112637
Acaraú,-2.8856,-40.12,25.45,80,43,6.87,BR,1632113126
Carnarvon,-24.8667,113.6333,34.04,8,0,7.72,AU,1632112710
Buluang,13.3068,123.3425,29.26,77,98,0.77,PH,1632113130
Xinzhi,36.4989,111.7047,23.04,58,96,1.55,CN,1632113131
Tuatapere,-46.1333,167.6833,10.67,79,93,4.02,NZ,1632113132
Fereydūnkenār,36.6864,52.5225,22.17,71,5,2.78,IR,1632113132
Trairi,-3.2778,-39.2689,25.51,76,66,6.35,BR,1632113134
Supe,-10.8,-77.7333,15.44,83,32,3.75,PE,1632113136
Āsosa,10.0667,34.5333,17.65,93,9,1.71,ET,1632113138
Sosnovo-Ozerskoye,52.5249,111.5418,18.19,50,1,1.83,RU,1632112908
Zatoka,46.0725,30.4654,9.3,73,48,5.68,UA,1632113140
Araouane,18.9048,-3.5265,32.79,17,1,2.81,ML,1632113142
Road Town,18.4167,-64.6167,25.05,74,2,6.28,VG,1632113143
Kaitangata,-46.2817,169.8464,14.6,63,73,1.36,NZ,1632112717
Great Bend,38.3645,-98.7648,25.81,51,1,3.13,US,1632113145
Hamilton,39.1834,-84.5333,22.7,86,1,0.45,US,1632113146
Fare,-16.7,-151.0167,25.66,75,27,7.59,PF,1632113148
Escanaba,45.7453,-87.0646,18.85,94,1,2.06,US,1632113150
Clyde River,70.4692,-68.5914,-2.07,60,91,1.79,CA,1632112670
Faanui,-16.4833,-151.75,25.99,74,47,8.46,PF,1632112745
Castro,-24.7911,-50.0119,17.11,87,86,1.65,BR,1632113152
Mackay,-21.15,149.2,24.99,61,10,4.63,AU,1632113100
Viking,53.1001,-111.7684,3.39,77,49,2.89,CA,1632113155
Coyhaique,-45.5752,-72.0662,4.97,75,0,3.09,CL,1632113156
Ratholo,-22.7245,27.572,15.56,56,0,2.15,BW,1632113158
Nanortalik,60.1432,-45.2371,2.5,90,38,4.56,GL,1632113160
Christchurch,-43.5333,172.6333,13.53,60,15,3.13,NZ,1632113100
Buraidah,26.326,43.975,27.25,18,1,4.78,SA,1632113162
Herat Province,34.5,62,25.07,18,0,3.78,AF,1632113164
Guararema,-23.415,-46.035,18.64,92,100,0.99,BR,1632113167
Scheemda,53.1778,6.9711,11.48,86,100,2.85,NL,1632113168
Vzmorye,54.6961,20.2361,8.05,69,100,4.41,RU,1632113170
Tilichiki,60.4667,166.1,9.1,86,100,5.71,RU,1632112922
Ribeira Grande,38.5167,-28.7,20.81,72,18,4.75,PT,1632112560
Kushima,31.4583,131.2333,28.02,71,57,3.52,JP,1632113173
Hearst,49.6835,-83.6665,20.14,73,78,6.25,CA,1632113173
Enzan,35.7,138.7333,29.92,40,4,2.39,JP,1632113174
Salinas,36.6777,-121.6555,15.76,77,1,4.12,US,1632113175
Tevaitoa,-16.7833,-151.5,25.89,73,30,8.56,PF,1632113176
Boralday,43.3578,76.8594,15.92,36,75,3,KZ,1632113178
Luau,-10.7073,22.2247,19.59,73,63,1.37,AO,1632113178
Muscat,23.6139,58.5922,32.01,62,3,1.87,OM,1632112948
Constitución,-35.3333,-72.4167,9.2,72,0,3.45,CL,1632113181
Smidovich,48.6,133.8167,19.09,35,41,5.69,RU,1632113182
Orapa,-21.2833,25.3667,18.78,35,0,5.05,BW,1632113183
San Joaquin,37.9333,-121.3011,19.55,64,1,7.2,US,1632113185
Buchanan,5.8808,-10.0467,24.09,90,100,1.87,LR,1632112965
Krasnosel'kup,65.7,82.4667,4.21,90,100,6.44,RU,1632113186
Bandarbeyla,9.4942,50.8122,27.62,66,95,11.43,SO,1632113188
Nouakchott,18.0858,-15.9785,26.96,65,8,6.14,MR,1632113071
Camopi,3.1655,-52.3158,21.41,99,48,0.9,GF,1632113190
Marovoay,-16.1,46.6333,24.08,51,48,4.64,MG,1632113192
West Bay,19.3667,-81.4167,28.68,84,62,0.89,KY,1632113194
Mnogovershinnyy,53.9353,139.9242,10.59,47,54,7.91,RU,1632112915
Katangli,51.7102,143.2326,14.28,47,28,8.16,RU,1632113196
Quelimane,-17.8786,36.8883,12.97,100,20,0.51,MZ,1632113197
Fortuna,40.5982,-124.1573,12.78,63,1,0.45,US,1632112716
Lebu,-37.6167,-73.65,7.57,85,3,6.42,CL,1632113200
Arman',59.7,150.1667,7.65,93,100,1.02,RU,1632112922
Laas,46.6166,10.7002,9.93,98,100,2.6,IT,1632113202
Crestview,30.7621,-86.5705,23.75,82,75,0.45,US,1632113204
Bonavista,48.6499,-53.1147,8,92,100,13.29,CA,1632113205
Vera Cruz,-12.6333,-41.0333,16.43,69,16,1.06,BR,1632113208
Baghdad,33.3406,44.4009,24.95,47,0,3.09,IQ,1632113111
Ondjiva,-17.0667,15.7333,17.47,32,20,3.12,AO,1632113211
Sinnamary,5.3833,-52.95,26.26,82,91,4.2,GF,1632113212
Penzance,50.1186,-5.5371,11.14,83,16,5.01,GB,1632113214
Bambanglipuro,-7.95,110.2833,28.35,64,69,6.41,ID,1632113216
Perth,-31.9333,115.8333,20.06,48,0,6.69,AU,1632113193
Sobrance,48.7445,22.1814,9.97,76,90,1,SK,1632113217
Cidreira,-30.1811,-50.2056,19.05,98,100,7.12,BR,1632112651
Slave Lake,55.2834,-114.769,5.99,93,75,1.03,CA,1632113220
Alice Springs,-23.7,133.8833,24.75,23,82,4.63,AU,1632113221
Huarmey,-10.0681,-78.1522,15.94,82,16,4.26,PE,1632112682
Umluj,25.0213,37.2685,29.57,55,32,4.97,SA,1632113223
Camapuã,-19.5314,-54.0439,26.05,25,13,0.47,BR,1632113225
Oodweyne,9.4092,45.064,26.02,46,42,8.02,SO,1632113227
Wronki,52.7105,16.3804,10.34,79,100,1.54,PL,1632113229
Plettenberg Bay,-34.0527,23.3716,13.83,82,46,2.42,ZA,1632113232
Mahabalipuram,12.6264,80.1722,32.03,63,72,4.73,IN,1632113233
Tilbury,51.4625,0.3586,13.47,91,100,4.06,GB,1632113234
George Town,5.4112,100.3354,28.97,74,20,3.09,MY,1632113162
Ternate,0.8,127.4,27.87,76,94,1.78,ID,1632113237
Kalmeshwar,21.2333,78.9,25.79,68,83,0.78,IN,1632113238
Poum,-20.2333,164.0167,22.59,60,51,4.48,NC,1632113238
Santa Maria,-29.6842,-53.8069,19.87,98,85,2.86,BR,1632113239
Odry,49.6626,17.8308,8.64,80,99,3.54,CZ,1632113241
San Carlos,9.6612,-68.5827,22.5,96,94,1,VE,1632113243
Dudinka,69.4058,86.1778,-0.22,82,80,9.66,RU,1632113244
Kinsale,51.7075,-8.5306,13.65,94,75,2.57,IE,1632113246
Deniliquin,-35.5333,144.9667,14.44,33,99,9.92,AU,1632112950
Teya,60.3778,92.6267,9.19,74,99,3.16,RU,1632113248
Linxia Chengguanzhen,35.6003,103.2064,20.74,29,0,1.5,CN,1632113250
Ugra,54.7777,34.3267,5.92,97,100,5.35,RU,1632113250
Vir,44.3031,15.0853,16.42,69,24,5.01,HR,1632113252
Coquimbo,-29.9533,-71.3436,10.85,81,0,3.09,CL,1632113253
Mezen',65.8522,44.24,4.94,73,100,1.6,RU,1632113255
Cabo San Lucas,22.8909,-109.9124,27.91,82,7,1.05,MX,1632113257
Maromitsa,59.8683,48.0123,3.21,72,99,2.93,RU,1632113258
Manjacaze,-24.7117,33.8828,17.55,68,0,4.55,MZ,1632113259
Lüderitz,-26.6481,15.1594,11.27,85,13,5.41,NA,1632113261
Souillac,-20.5167,57.5167,22.21,68,40,4.63,MU,1632113264
Hambantota,6.1241,81.1185,32.19,66,20,5.66,LK,1632112985
Vila Franca do Campo,37.7167,-25.4333,20.23,77,46,3.65,PT,1632113266
Yuli,9.6989,10.2744,22.57,95,61,1.64,NG,1632113268
Muli,2.9167,73.5667,28.23,73,69,2.74,MV,1632113270
Belmonte,-15.8631,-38.8828,21.28,85,17,2.26,BR,1632113270
Edd,13.9297,41.6925,33.34,48,68,3.15,ER,1632113272
Chabahar,25.2919,60.643,27.98,76,47,2.05,IR,1632113274
Katobu,-4.9408,122.5276,23.06,96,100,2.05,ID,1632113275
Mundo Nuevo (Ojo de Agua),18.7,-95.5,26.89,80,38,3.35,MX,1632113276
Marawi,7.9986,124.2928,23.69,87,94,0.65,PH,1632113277
Bereket,39.2446,55.5154,24.12,19,0,8.52,TM,1632113278
Zabul Province,32.25,67.25,25.54,8,0,2.74,AF,1632113279
Larsnes,62.2028,5.5773,11.9,94,100,4.79,NO,1632113282
Chapais,49.7834,-74.8492,9.88,71,94,3.55,CA,1632113284
Klyuchevskiy,53.5317,119.4519,16.52,54,10,3.7,RU,1632113285
Buxton,53.2574,-1.9098,6.74,92,11,1.91,GB,1632113287
Chengde,40.9725,117.9361,14.45,93,100,3.39,CN,1632113288
Kirksville,40.1948,-92.5833,21.26,88,75,3.09,US,1632113289
Nizwá,22.9333,57.5333,31.17,42,10,1.6,OM,1632113185
Isangel,-19.55,169.2667,23.1,57,24,6.19,VU,1632112782
Chadan,51.2833,91.5833,17.13,32,81,8.95,RU,1632113291
Antakya,36.2066,36.1572,22.9,68,0,1.56,TR,1632113292
Platteville,42.7342,-90.4785,21.9,78,1,2.57,US,1632113293
Departamento de Maldonado,-34.6667,-54.9167,16.66,99,100,2.1,UY,1632113295
Ust'-Kulom,61.6864,53.6902,3.04,71,18,4.22,RU,1632113296
Sibolga,1.7427,98.7792,29.45,57,90,1.82,ID,1632113298
Dātāganj,28.0333,79.4,31.04,65,2,3.51,IN,1632113299
Haimen,23.1935,116.6142,30.94,69,36,3.02,CN,1632113299
Libreville,0.3925,9.4537,26.01,83,40,3.6,GA,1632113139
Saint-Augustin,51.226,-58.6502,6.47,61,0,4.32,CA,1632112704
Bayevo,53.2833,80.7667,7.1,55,100,9.27,RU,1632113302
Havre-St-Pierre,50.2334,-63.5986,5.2,81,20,3.6,CA,1632113304
San Miguel,13.4833,-88.1833,23.18,98,100,0.37,SV,1632113306
Staroaleyskoye,51.0061,82,9.13,39,21,6.18,RU,1632113307
Kichera,55.9375,110.0997,18.47,47,13,1.51,RU,1632113307
Vila Praia de Âncora,41.811,-8.8526,15.63,88,6,6.52,PT,1632113309
Barra de Tecoanapa,16.5167,-98.75,26.3,82,100,1.41,MX,1632113311
Iqaluit,63.7506,-68.5145,-2.15,86,20,4.63,CA,1632113312
Skibbereen,51.55,-9.2667,13.89,91,60,2.85,IE,1632113314
Geraldton,-28.7667,114.6,28.23,26,0,6.69,AU,1632113208
Sohag,26.557,31.6948,24.16,29,0,2.79,EG,1632113317
Hualmay,-11.0964,-77.6139,15.49,84,27,4.49,PE,1632113320
Santa Marta,11.2408,-74.199,28.32,71,71,1.79,CO,1632113322
Belaya Gora,68.5333,146.4167,1.84,51,99,5.5,RU,1632113323
Amarante do Maranhão,-5.5667,-46.7422,23.58,69,13,1.53,BR,1632113325
Maralal,1.0968,36.698,16.94,55,15,1.35,KE,1632113326
Kologriv,58.8275,44.3178,3.88,62,85,3.35,RU,1632113328
Klaksvík,62.2266,-6.589,10.51,90,64,13.45,FO,1632113330
Emba,48.8264,58.1442,11.76,30,8,1.54,KZ,1632113333
Anadyr,64.75,177.4833,2.28,51,0,1,RU,1632113334
Tiarei,-17.5333,-149.3333,26.01,77,15,7.24,PF,1632113336
Kaifeng,34.7911,114.3483,27.48,60,15,4.23,CN,1632113338
Urengoy,65.9667,78.3667,1.41,81,100,8.6,RU,1632113339
Okato,-39.2,173.8833,11.49,74,14,4.96,NZ,1632113341
Severo-Kuril'sk,50.6789,156.125,11.02,75,23,7.05,RU,1632113342
Bathsheba,13.2167,-59.5167,24.34,88,20,2.06,BB,1632113343
San Jerónimo,-11.9472,-75.2829,11.73,62,95,0.49,PE,1632113345
Okhotsk,59.3833,143.3,11.89,56,98,4.33,RU,1632113346
Oranjemund,-28.55,16.4333,14.31,70,100,2.17,NA,1632113348
Atarra,25.2833,80.5667,31,64,1,1.95,IN,1632113350
Broome,42.2506,-75.833,11.15,76,0,0.85,US,1632113351
Sovetskiy,61.3614,63.5842,2.21,84,100,5.36,RU,1632113352
Kribi,2.95,9.9167,24.11,92,97,1.3,CM,1632113354
Canutama,-6.5339,-64.3831,23.08,92,13,1.15,BR,1632113356
Pochutla,15.7432,-96.4661,25.46,88,100,1.44,MX,1632113358
Hasaki,35.7333,140.8333,25.22,63,19,7.66,JP,1632113265
Chunskiy,56.0815,99.6342,15.4,68,100,3,RU,1632113359
Nador,35.174,-2.9287,20.14,83,40,1.03,MA,1632113361
Kunyang,27.6658,120.5658,31.96,62,1,2.4,CN,1632113363
Champerico,14.3,-91.9167,25.55,79,100,0.95,GT,1632113363
Cabinda,-5.55,12.2,22.88,84,34,3.03,AO,1632113364
Bitung,1.4451,125.1824,25.47,75,54,2.52,ID,1632113366
Carauari,-4.8828,-66.8958,23.94,81,10,0.2,BR,1632113367
Boa Vista,2.8197,-60.6733,24.99,88,20,1.03,BR,1632113369
Sarangani,5.4033,125.4636,27.75,71,100,4.16,PH,1632113370
Kemijärvi,66.7131,27.4306,0.76,90,39,1.84,FI,1632113371
Solnechnyy,50.7214,136.6319,18.22,29,0,3.6,RU,1632113372
New Smyrna Beach,29.0258,-80.927,24.5,92,100,1.23,US,1632113373
Esperance,-33.8667,121.9,15.91,55,15,6.1,AU,1632113374
Longyearbyen,78.2186,15.6401,2.91,100,75,2.06,SJ,1632113085
Nahariya,33.0059,35.0941,22.95,56,0,0.46,IL,1632113375
Ceres,37.5949,-120.9577,20.27,43,1,7.2,US,1632113377
Makakilo City,21.3469,-158.0858,25,68,90,2.06,US,1632113379
Namatanai,-3.6667,152.4333,28.31,74,49,3.01,PG,1632113381
Rio Grande,-32.035,-52.0986,19.41,99,100,6.17,BR,1632113382
Ajdabiya,30.7554,20.2263,26.15,37,0,4.05,LY,1632113385
La Sarre,48.8002,-79.1996,13.56,55,69,5.22,CA,1632113386
Flinders,-34.5833,150.8552,25.33,30,0,5.81,AU,1632113387
Kyra,49.5776,111.9753,16.03,65,96,2.58,RU,1632113388
Nadym,65.5333,72.5167,2.34,70,69,10.51,RU,1632113389
Roald,62.5833,6.1333,12.18,94,75,2.06,NO,1632113391
Codajás,-3.8367,-62.0569,23.48,92,50,0.38,BR,1632113392
Salalah,17.0151,54.0924,28.05,83,40,3.09,OM,1632113394
Saint-Michel-des-Saints,46.6834,-73.9159,8.17,82,4,1.07,CA,1632113396
Springbok,-29.6643,17.8865,8.38,75,94,5.02,ZA,1632113397
Osoyoos,49.0331,-119.4524,13.35,76,39,1.03,CA,1632113398
Qingyang,37.4958,121.2581,22.75,92,100,6.59,CN,1632113400
La Palma,33.8464,-118.0467,18.47,84,1,0.45,US,1632113401
Kaduqli,11.0167,29.7167,24.22,79,76,0.99,SD,1632113402
Akureyri,65.6835,-18.0878,6.96,93,90,2.06,IS,1632113404
Samoylovka,51.184,43.7081,7.88,87,100,8.08,RU,1632113406
Noumea,-22.2763,166.4572,24.99,59,2,8.53,NC,1632113390
Opuwo,-18.0607,13.84,17.81,32,14,0.83,NA,1632113409
Raudeberg,61.9875,5.1352,11.55,81,100,3.13,NO,1632113411
Hofn,64.2539,-15.2082,10.94,96,100,7.58,IS,1632113413
Olenegorsk,68.15,33.3,2.32,84,4,2.42,RU,1632113414
Asekeyevo,53.5742,52.7972,7.2,54,45,2.1,RU,1632113418
Goderich,43.7501,-81.7165,15.07,82,40,3.6,CA,1632113420
Sri Aman,1.2376,111.4621,30.03,79,40,1.54,MY,1632113421
Esil,51.9556,66.4042,5.57,55,15,5.99,KZ,1632113422
Gayny,60.3071,54.3241,3.06,69,59,3.72,RU,1632113424
Ust-Kuyga,70.0167,135.6,4.87,41,52,3.93,RU,1632113426
Beira,-19.8436,34.8389,15.05,94,20,1.54,MZ,1632113334
Solano,38.2333,-121.9511,17.46,67,1,4.12,US,1632113428
Brownsville,25.9018,-97.4975,27.35,83,1,0.89,US,1632113429
Ténenkou,14.4572,-4.9169,27.89,67,89,4.64,ML,1632113430
Kaeo,-35.1,173.7833,17.96,61,0,3.44,NZ,1632113432
Lieksa,63.3167,30.0167,3.09,82,22,4.37,FI,1632113433
Padang,-0.9492,100.3543,30.03,70,88,1.91,ID,1632113219
Belyy Yar,53.6039,91.3903,6.94,87,75,2,RU,1632113436
Shwebo,22.5667,95.7,26.83,85,99,1,MM,1632113437
Shingū,33.7333,135.9833,28.28,66,73,3.23,JP,1632113195
Pachino,36.7186,15.0907,20.02,69,1,1.25,IT,1632113439
Lompoc,34.6391,-120.4579,15.27,87,90,3.6,US,1632113441
Phalaborwa,-23.943,31.1411,15.6,41,0,2.93,ZA,1632113442
Whitehorse,60.7161,-135.0538,6.43,70,20,4.12,CA,1632113309
Port Blair,11.6667,92.75,29.49,70,100,3.04,IN,1632113353
Xining,36.6167,101.7667,16.82,38,0,1.44,CN,1632113215
Hūn,29.1268,15.9477,25.61,28,0,3.09,LY,1632113445
Sitka,57.0531,-135.33,11.94,82,40,2.06,US,1632113447
Ploemeur,47.7333,-3.4333,10.23,94,0,2.57,FR,1632113408
Mogadishu,2.0371,45.3438,25.93,89,75,9.26,SO,1632113449
Mana,5.6592,-53.7767,25.49,86,79,3.87,GF,1632113451
Talara,-4.5772,-81.2719,18.25,79,31,7.56,PE,1632113453
Gao,16.6362,1.637,30.96,42,14,5.66,ML,1632113455
Hong Kong,22.2855,114.1577,30.24,83,21,2.9,HK,1632113449
Dicabisagan,17.0818,122.4157,31.21,62,99,2.75,PH,1632113457
Arrondissement de Tulle,45.3333,1.8333,11.66,99,85,0.59,FR,1632113457
Arlit,18.7369,7.3853,30.46,13,40,3.1,NE,1632113459
Olinda,-8.0089,-34.8553,24.85,65,40,4.12,BR,1632113460
Puerto Escondido,15.85,-97.0667,26.43,84,99,1.64,MX,1632113463
Saint-Ambroise,48.5501,-71.3324,7.03,87,46,1.54,CA,1632113464
Kita,13.0349,-9.4895,22.03,92,98,0.96,ML,1632113466
Yangi Marg`ilon,40.4272,71.7189,23.39,28,0,1.03,UZ,1632113467
Gulfport,30.3674,-89.0928,25.1,91,75,0,US,1632113468
San Quintín,30.4833,-115.95,19.39,81,2,4.71,MX,1632113469
Ayan,56.45,138.1667,9.72,43,3,8.52,RU,1632113470
Cabra,37.4725,-4.4421,17.48,77,0,1.23,ES,1632113473
Daru,-9.0763,143.2092,25.64,88,95,8.6,PG,1632113475
São Miguel do Araguaia,-13.275,-50.1628,26.27,21,26,1.25,BR,1632113475
Redcliffe,-27.2307,153.0973,25.87,69,0,9.77,AU,1632113477
Adrar,20.5022,-10.0711,29.34,36,59,8.47,MR,1632113478
Onega,63.9061,38.1404,4.91,70,73,2.28,RU,1632113479
Ixtapa,20.7,-105.2,24.57,99,100,1.13,MX,1632113481
Nouadhibou,20.931,-17.0347,23.99,78,0,5.14,MR,1632113482
Neiafu,-18.65,-173.9833,26.38,73,40,2.06,TO,1632113484
Marshfield,44.6689,-90.1718,20.38,78,1,3.6,US,1632113486
Anshun,26.25,105.9333,23.51,50,1,1.39,CN,1632113488
Porto Torres,40.835,8.3972,22.1,66,19,6.61,IT,1632113489
Esim,4.8699,-2.2405,24.09,91,100,1.92,GH,1632113490
Wakkanai,45.4094,141.6739,18.99,45,20,5.66,JP,1632113293
Kibre Mengist,5.8833,38.9833,16.23,92,97,0.14,ET,1632113493
Ahipara,-35.1667,173.1667,14.74,71,0,3.11,NZ,1632113494
City of San Pedro,14.35,121.0167,29.38,75,75,3.09,PH,1632113495
Pandan,14.0453,124.1694,29.28,78,87,2.63,PH,1632113496
Datong,40.0936,113.2914,20.84,43,33,4.21,CN,1632113220
Walvis Bay,-22.9575,14.5053,6.53,93,0,2.06,NA,1632113497
Narsaq,60.9167,-46.05,2.42,86,80,1.56,GL,1632113499
Prieska,-29.6641,22.7474,8.74,65,0,3.67,ZA,1632113500
Sur,22.5667,59.5289,31.28,55,2,2.65,OM,1632113502
Nichinan,31.6,131.3667,27.82,76,48,3.94,JP,1632113504
Togur,58.3631,82.8265,2.4,98,100,3.07,RU,1632113504
Acapulco de Juárez,16.8634,-99.8901,25.97,84,70,1.57,MX,1632113308
Verāval,20.9,70.3667,28.59,79,15,4.26,IN,1632113506
Bārmer,25.75,71.3833,30.3,60,61,5.08,IN,1632113507
Bemidji,47.4736,-94.8803,22.69,68,75,5.66,US,1632113508
Arinos,-15.9169,-46.1056,22.92,32,21,0.19,BR,1632113509
Martapura,-3.4167,114.85,33.05,52,40,2.57,ID,1632113511
Júlio de Castilhos,-29.2269,-53.6817,20.18,95,69,4.14,BR,1632113511
Gravdal,68.1214,13.5031,9.82,71,100,6.95,NO,1632113514
Baker City,44.7749,-117.8344,5.74,90,20,1.54,US,1632113515
Río Gallegos,-51.6226,-69.2181,4.03,75,0,3.6,AR,1632113517
Mandalī,33.7499,45.5541,32.16,15,0,3.79,IQ,1632113518
Guangyuan,32.442,105.823,27.07,51,0,1.72,CN,1632113520
Laredo,27.5064,-99.5075,30.16,66,1,6.17,US,1632113521
Krasnyy Chikoy,50.3643,108.7512,15.33,75,74,2.66,RU,1632113522
Heilbron,-27.2812,27.9709,13.35,64,84,1.28,ZA,1632113326
Ubari,26.5921,12.7805,24.62,28,0,4.02,LY,1632113523
Puerto Ayacucho,5.6639,-67.6236,23.55,92,92,0.69,VE,1632113525
Kirakira,-10.4544,161.9205,28.15,77,90,5.99,SB,1632113527
Tirumullaivāsal,11.2333,79.8333,32.24,58,32,2.96,IN,1632113528
Bordighera,43.7806,7.6645,20.13,64,1,1.79,IT,1632113528
Buin,-33.7333,-70.75,10.02,89,16,1.24,CL,1632113530
Awjilah,29.1081,21.2869,26.17,37,0,3.88,LY,1632113532
Kahului,20.8947,-156.47,25.13,73,40,7.72,US,1632113533
Jīnd,29.3167,76.3167,31.22,61,0,3.69,IN,1632113535
Macaparana,-7.5547,-35.4531,22,95,68,1.71,BR,1632113535
Saint-Joseph,-21.3667,55.6167,19.86,76,47,6.07,RE,1632113526
Pandamatenga,-18.5278,25.627,18.73,56,32,4.79,BW,1632113538
Comodoro Rivadavia,-45.8667,-67.5,9.92,43,0,6.17,AR,1632113540
Coahuayana Viejo,18.7333,-103.6833,24.23,86,94,1.31,MX,1632113542
Hare Bay,48.8499,-54.0148,7.78,83,100,6.76,CA,1632113543
Province of Trapani,37.8333,12.6667,21.9,100,40,1.54,IT,1632113544
Kununurra,-15.7667,128.7333,37.99,19,5,7.2,AU,1632113546
Mattru,7.6244,-11.8332,22.34,98,95,1.11,SL,1632113546
Maryville,35.7565,-83.9705,21.2,94,90,0,US,1632113548
Hakkâri Province,37.5833,44.1667,7.88,61,0,0.51,TR,1632113549
Río Cuarto,-33.1307,-64.3499,9.91,92,98,7.44,AR,1632113551
Bochnia,49.9691,20.4303,9.22,94,100,2.46,PL,1632113553
Terney,45.0503,136.6092,19.47,42,61,3.74,RU,1632113554
Hirara,24.8,125.2833,29.15,84,40,4.12,JP,1632113555
Biak,-0.9131,122.8766,27.4,75,69,2.32,ID,1632113555
Mezhova,48.2532,36.7347,14.11,79,77,4.33,UA,1632113556
La Rioja,42.25,-2.5,12.49,82,98,1.24,ES,1632113557
Talcahuano,-36.7167,-73.1167,7.82,81,0,2.06,CL,1632113559
Bayjī,34.9311,43.487,28.75,19,0,3.21,IQ,1632113561
Popondetta,-8.7537,148.2534,22.52,99,100,0.99,PG,1632113562
Buala,-8.145,159.5921,28.61,72,95,3.81,SB,1632113563
Port Hawkesbury,45.6169,-61.3485,11.91,81,1,3.13,CA,1632113564
Tezu,27.9167,96.1667,32.22,57,1,1.79,IN,1632113566
Karīmnagar,18.4333,79.15,28.69,69,92,0.79,IN,1632113567
Saint-Pierre,-21.3393,55.4781,20.23,72,75,5.66,RE,1632113339
Oga,46.4631,10.347,4.59,98,99,3.05,IT,1632113568
Otofuke,42.9917,143.2003,22.53,49,14,1.9,JP,1632113359
Sai Buri,6.7013,101.6168,31.84,77,100,2.98,TH,1632113448
Synya,65.3718,58.0387,2.64,76,100,2.93,RU,1632113572
Katsuura,35.1333,140.3,26.06,62,34,8.38,JP,1632113288
Cockburn Town,21.4612,-71.1419,28.25,75,69,8.27,TC,1632113574
Alaca,40.1683,34.8425,19.03,47,9,1.74,TR,1632113575
Ndioum,16.5129,-14.6471,26.94,49,11,5.52,SN,1632113578
Hīt,33.6416,42.8251,29.19,23,0,5.16,IQ,1632113580
Sola,-13.8833,167.55,25.99,77,56,10.89,VU,1632113581
São João da Barra,-21.6403,-41.0511,23.21,86,100,2.82,BR,1632113582
Dunedin,-45.8742,170.5036,12.67,71,52,1.34,NZ,1632113297
Alofi,-19.0595,-169.9187,25.94,78,40,5.14,NU,1632113584
Mujiayingzi,42.1167,118.7833,10.1,97,100,5.44,CN,1632113586
Holme,56.1138,10.1725,10.13,79,100,3.59,DK,1632113588
Salisbury,51.0693,-1.7957,10.21,91,77,3.45,GB,1632113590
Aswān,24.0934,32.907,25.61,27,0,3.09,EG,1632113562
Marabu,4.4148,114.0089,30.08,74,40,0.51,MY,1632113539
Auki,-8.7676,160.7034,28.98,67,85,2.32,SB,1632113593
Sungai Penuh,-2.0833,101.3833,25.42,65,88,1.34,ID,1632113593
Bagdarin,54.4333,113.6,15.9,58,0,1.61,RU,1632113594
Southbridge,42.0751,-72.0334,11.75,95,0,0.43,US,1632113596
Ambon City,-3.6954,128.1814,27.08,89,40,1.54,ID,1632113409
Wanning,18.8003,110.3967,30.3,70,9,3.36,CN,1632113597
Kyzyl,51.7,94.45,19.24,32,98,2.43,RU,1632113598
Bozovici,44.9389,22.0017,13.52,88,97,1.34,RO,1632113598
Twentynine Palms,34.1356,-116.0542,25.61,24,0,2.24,US,1632113600
Xifeng,42.7372,124.7222,14.6,93,100,4.13,CN,1632113601
Amazar,53.858,120.875,17.83,53,26,3.29,RU,1632113602
São Filipe,14.8961,-24.4956,26.2,85,100,1.77,CV,1632113604
Hirado,33.3597,129.5531,28.64,74,43,2.98,JP,1632113605
Muravlenko,63.7898,74.523,2.26,97,88,8.79,RU,1632113606
Mukono,0.3533,32.7553,19.86,90,68,0.8,UG,1632113608
Puerto Madryn,-42.7692,-65.0385,10.85,54,3,3.85,AR,1632113609
Coihueco,-36.6167,-71.8333,6.41,76,2,4.12,CL,1632113612
Khasan,42.4308,130.6434,18.66,78,100,2.43,RU,1632113614
Asău,46.4333,26.4,9.56,93,37,0.06,RO,1632113614
Dargaville,-35.9333,173.8833,14.32,71,6,3.29,NZ,1632113616
Port Macquarie,-31.4333,152.9167,24.98,40,0,2.76,AU,1632113617
San Jose,37.3394,-121.895,16.49,74,20,4.12,US,1632113499
Pustoshka,56.3355,29.369,2.51,97,100,5.46,RU,1632113619
